<animation time="10000.0" loop="1">
	<frame>
		<!--bottom-->
		<cell posX="0" posY="0" backgroundColor="Yellow" foregroundColor="Black" character="_"/>
		<cell posX="1" posY="0" backgroundColor="Yellow" foregroundColor="Black" character="_"/>
		<cell posX="2" posY="0" backgroundColor="Yellow" foregroundColor="Black" character="_"/>
		<cell posX="3" posY="0" backgroundColor="Yellow" foregroundColor="Black" character="_"/>
		<cell posX="4" posY="0" backgroundColor="Yellow" foregroundColor="Black" character="_"/>
		<cell posX="5" posY="0" backgroundColor="Yellow" foregroundColor="Black" character="_"/>
		<cell posX="-1" posY="0" backgroundColor="Yellow" foregroundColor="Black" character="_"/>
		<cell posX="-2" posY="0" backgroundColor="Yellow" foregroundColor="Black" character="_"/>
		<cell posX="-3" posY="0" backgroundColor="Yellow" foregroundColor="Black" character="_"/>
		<cell posX="-4" posY="0" backgroundColor="Yellow" foregroundColor="Black" character="_"/>
		<cell posX="-5" posY="0" backgroundColor="Yellow" foregroundColor="Black" character="_"/>


		<!--left side-->
		<cell posX="-6" posY="0" backgroundColor="Yellow" foregroundColor="Black" character="|"/>
		<cell posX="-6" posY="-1" backgroundColor="Yellow" foregroundColor="Black" character="|"/>
		<cell posX="-6" posY="-2" backgroundColor="Yellow" foregroundColor="Black" character="|"/>
		<cell posX="-6" posY="-3" backgroundColor="Yellow" foregroundColor="Black" character="|"/>
		<cell posX="-6" posY="-4" backgroundColor="Yellow" foregroundColor="Black" character="|"/>
		<cell posX="-6" posY="-5" backgroundColor="Yellow" foregroundColor="Black" character="|"/>
		<cell posX="-6" posY="-6" backgroundColor="Yellow" foregroundColor="Black" character="|"/>
		<cell posX="-6" posY="-7" backgroundColor="Yellow" foregroundColor="Black" character="|"/>
		<cell posX="-6" posY="-8" backgroundColor="Yellow" foregroundColor="Black" character="|"/>
		<cell posX="-6" posY="-9" backgroundColor="Yellow" foregroundColor="Black" character="|"/>
		<cell posX="-6" posY="-10" backgroundColor="Yellow" foregroundColor="Black" character="|"/>
		<cell posX="-6" posY="-11" backgroundColor="Yellow" foregroundColor="Black" character="|"/>
		<cell posX="-6" posY="-12" backgroundColor="Yellow" foregroundColor="Black" character="|"/>

		<!--right side-->
		<cell posX="6" posY="0" backgroundColor="Yellow" foregroundColor="Black" character="|"/>
		<cell posX="6" posY="-1" backgroundColor="Yellow" foregroundColor="Black" character="|"/>
		<cell posX="6" posY="-2" backgroundColor="Yellow" foregroundColor="Black" character="|"/>
		<cell posX="6" posY="-3" backgroundColor="Yellow" foregroundColor="Black" character="|"/>
		<cell posX="6" posY="-4" backgroundColor="Yellow" foregroundColor="Black" character="|"/>
		<cell posX="6" posY="-5" backgroundColor="Yellow" foregroundColor="Black" character="|"/>
		<cell posX="6" posY="-6" backgroundColor="Yellow" foregroundColor="Black" character="|"/>
		<cell posX="6" posY="-7" backgroundColor="Yellow" foregroundColor="Black" character="|"/>
		<cell posX="6" posY="-8" backgroundColor="Yellow" foregroundColor="Black" character="|"/>
		<cell posX="6" posY="-9" backgroundColor="Yellow" foregroundColor="Black" character="|"/>
		<cell posX="6" posY="-10" backgroundColor="Yellow" foregroundColor="Black" character="|"/>
		<cell posX="6" posY="-11" backgroundColor="Yellow" foregroundColor="Black" character="|"/>
		<cell posX="6" posY="-12" backgroundColor="Yellow" foregroundColor="Black" character="|"/>

		<!--front end-->
		<cell posX="-6" posY="-13" backgroundColor="Yellow" foregroundColor="Black" character="/"/>
		<cell posX="-5" posY="-14" backgroundColor="Yellow" foregroundColor="Black" character="/"/>
		<cell posX="-4" posY="-14" backgroundColor="Yellow" foregroundColor="Black" character="-"/>
		<cell posX="-3" posY="-14" backgroundColor="Yellow" foregroundColor="Black" character="-"/>
		<cell posX="-2" posY="-14" backgroundColor="Yellow" foregroundColor="Black" character="-"/>
		<cell posX="-1" posY="-14" backgroundColor="Yellow" foregroundColor="Black" character="-"/>
		<cell posX="0" posY="-14" backgroundColor="Yellow" foregroundColor="Black" character="-"/>
		<cell posX="6" posY="-13" backgroundColor="Yellow" foregroundColor="Black" character="\"/>
		<cell posX="5" posY="-14" backgroundColor="Yellow" foregroundColor="Black" character="\"/>
		<cell posX="4" posY="-14" backgroundColor="Yellow" foregroundColor="Black" character="-"/>
		<cell posX="3" posY="-14" backgroundColor="Yellow" foregroundColor="Black" character="-"/>
		<cell posX="2" posY="-14" backgroundColor="Yellow" foregroundColor="Black" character="-"/>
		<cell posX="1" posY="-14" backgroundColor="Yellow" foregroundColor="Black" character="-"/>
		
		<!--lb tire-->
		<cell posX="-7" posY="-2" backgroundColor="Black" foregroundColor="White" character="_"/>
		<cell posX="-8" posY="-2" backgroundColor="Black" foregroundColor="White" character="|"/>
		<cell posX="-8" posY="-3" backgroundColor="Black" foregroundColor="White" character="|"/>
		<cell posX="-7" posY="-4" backgroundColor="Black" foregroundColor="White" character="-"/>

		<!--lf tire-->
		<cell posX="-7" posY="-10" backgroundColor="Black" foregroundColor="White" character="_"/>
		<cell posX="-8" posY="-10" backgroundColor="Black" foregroundColor="White" character="|"/>
		<cell posX="-8" posY="-11" backgroundColor="Black" foregroundColor="White" character="|"/>
		<cell posX="-7" posY="-12" backgroundColor="Black" foregroundColor="White" character="-"/>

		<!--rb tire-->
		<cell posX="7" posY="-2" backgroundColor="Black" foregroundColor="White" character="_"/>
		<cell posX="8" posY="-2" backgroundColor="Black" foregroundColor="White" character="|"/>
		<cell posX="8" posY="-3" backgroundColor="Black" foregroundColor="White" character="|"/>
		<cell posX="7" posY="-4" backgroundColor="Black" foregroundColor="White" character="-"/>

		<!--rf tire-->
		<cell posX="7" posY="-10" backgroundColor="Black" foregroundColor="White" character="_"/>
		<cell posX="8" posY="-10" backgroundColor="Black" foregroundColor="White" character="|"/>
		<cell posX="8" posY="-11" backgroundColor="Black" foregroundColor="White" character="|"/>
		<cell posX="7" posY="-12" backgroundColor="Black" foregroundColor="White" character="-"/>

		<!--gas input-->
		<cell posX="-5" posY="0" backgroundColor="Black" foregroundColor="White" character="O"/>


		<!--hood-->
		<cell posX="-5" posY="-13" backgroundColor="Yellow" foregroundColor="Yellow" character=" "/>
		<cell posX="-5" posY="-12" backgroundColor="Yellow" foregroundColor="Yellow" character=" "/>
		<cell posX="-5" posY="-11" backgroundColor="Yellow" foregroundColor="Yellow" character=" "/>
		<cell posX="-4" posY="-13" backgroundColor="Yellow" foregroundColor="Yellow" character=" "/>
		<cell posX="-4" posY="-12" backgroundColor="Yellow" foregroundColor="Yellow" character=" "/>
		<cell posX="-4" posY="-11" backgroundColor="Yellow" foregroundColor="Yellow" character=" "/>
		<cell posX="-3" posY="-13" backgroundColor="Yellow" foregroundColor="Yellow" character=" "/>
		<cell posX="-3" posY="-12" backgroundColor="Yellow" foregroundColor="Yellow" character=" "/>
		<cell posX="-3" posY="-11" backgroundColor="Yellow" foregroundColor="Yellow" character=" "/>
		<cell posX="-2" posY="-13" backgroundColor="Yellow" foregroundColor="Yellow" character=" "/>
		<cell posX="-2" posY="-12" backgroundColor="Yellow" foregroundColor="Yellow" character=" "/>
		<cell posX="-2" posY="-11" backgroundColor="Yellow" foregroundColor="Yellow" character=" "/>
		<cell posX="-1" posY="-13" backgroundColor="Yellow" foregroundColor="Yellow" character=" "/>
		<cell posX="-1" posY="-12" backgroundColor="Yellow" foregroundColor="Yellow" character=" "/>
		<cell posX="-1" posY="-11" backgroundColor="Yellow" foregroundColor="Yellow" character=" "/>
		<cell posX="-0" posY="-13" backgroundColor="Yellow" foregroundColor="Yellow" character=" "/>
		<cell posX="-0" posY="-12" backgroundColor="Yellow" foregroundColor="Yellow" character=" "/>
		<cell posX="-0" posY="-11" backgroundColor="Yellow" foregroundColor="Yellow" character=" "/>
		<cell posX="5" posY="-13" backgroundColor="Yellow" foregroundColor="Yellow" character=" "/>
		<cell posX="5" posY="-12" backgroundColor="Yellow" foregroundColor="Yellow" character=" "/>
		<cell posX="5" posY="-11" backgroundColor="Yellow" foregroundColor="Yellow" character=" "/>
		<cell posX="4" posY="-13" backgroundColor="Yellow" foregroundColor="Yellow" character=" "/>
		<cell posX="4" posY="-12" backgroundColor="Yellow" foregroundColor="Yellow" character=" "/>
		<cell posX="4" posY="-11" backgroundColor="Yellow" foregroundColor="Yellow" character=" "/>
		<cell posX="3" posY="-13" backgroundColor="Yellow" foregroundColor="Yellow" character=" "/>
		<cell posX="3" posY="-12" backgroundColor="Yellow" foregroundColor="Yellow" character=" "/>
		<cell posX="3" posY="-11" backgroundColor="Yellow" foregroundColor="Yellow" character=" "/>
		<cell posX="2" posY="-13" backgroundColor="Yellow" foregroundColor="Yellow" character=" "/>
		<cell posX="2" posY="-12" backgroundColor="Yellow" foregroundColor="Yellow" character=" "/>
		<cell posX="2" posY="-11" backgroundColor="Yellow" foregroundColor="Yellow" character=" "/>
		<cell posX="1" posY="-13" backgroundColor="Yellow" foregroundColor="Yellow" character=" "/>
		<cell posX="1" posY="-12" backgroundColor="Yellow" foregroundColor="Yellow" character=" "/>
		<cell posX="1" posY="-11" backgroundColor="Yellow" foregroundColor="Yellow" character=" "/>

		<!--windshield-->
		<cell posX="-4" posY="-10" backgroundColor="Cyan" foregroundColor="Cyan" character=" "/>
		<cell posX="-4" posY="-9" backgroundColor="Cyan" foregroundColor="Cyan" character=" "/>
		<cell posX="-4" posY="-8" backgroundColor="Cyan" foregroundColor="Cyan" character=" "/>
		<cell posX="-3" posY="-10" backgroundColor="Cyan" foregroundColor="Cyan" character=" "/>
		<cell posX="-3" posY="-9" backgroundColor="Cyan" foregroundColor="Cyan" character=" "/>
		<cell posX="-3" posY="-8" backgroundColor="Cyan" foregroundColor="Cyan" character=" "/>
		<cell posX="-2" posY="-10" backgroundColor="Cyan" foregroundColor="Cyan" character=" "/>
		<cell posX="-2" posY="-9" backgroundColor="Cyan" foregroundColor="Cyan" character=" "/>
		<cell posX="-2" posY="-8" backgroundColor="Cyan" foregroundColor="Cyan" character=" "/>
		<cell posX="-1" posY="-10" backgroundColor="Cyan" foregroundColor="Cyan" character=" "/>
		<cell posX="-1" posY="-9" backgroundColor="Cyan" foregroundColor="Cyan" character=" "/>
		<cell posX="-1" posY="-8" backgroundColor="Cyan" foregroundColor="Cyan" character=" "/>
		<cell posX="0" posY="-10" backgroundColor="Cyan" foregroundColor="Cyan" character=" "/>
		<cell posX="0" posY="-9" backgroundColor="Cyan" foregroundColor="Cyan" character=" "/>
		<cell posX="0" posY="-8" backgroundColor="Cyan" foregroundColor="Cyan" character=" "/>
		<cell posX="4" posY="-10" backgroundColor="Cyan" foregroundColor="Cyan" character=" "/>
		<cell posX="4" posY="-9" backgroundColor="Cyan" foregroundColor="Cyan" character=" "/>
		<cell posX="4" posY="-8" backgroundColor="Cyan" foregroundColor="Cyan" character=" "/>
		<cell posX="3" posY="-10" backgroundColor="Cyan" foregroundColor="Cyan" character=" "/>
		<cell posX="3" posY="-9" backgroundColor="Cyan" foregroundColor="Cyan" character=" "/>
		<cell posX="3" posY="-8" backgroundColor="Cyan" foregroundColor="Cyan" character=" "/>
		<cell posX="2" posY="-10" backgroundColor="Cyan" foregroundColor="Cyan" character=" "/>
		<cell posX="2" posY="-9" backgroundColor="Cyan" foregroundColor="Cyan" character=" "/>
		<cell posX="2" posY="-8" backgroundColor="Cyan" foregroundColor="Cyan" character=" "/>
		<cell posX="1" posY="-10" backgroundColor="Cyan" foregroundColor="Cyan" character=" "/>
		<cell posX="1" posY="-9" backgroundColor="Cyan" foregroundColor="Cyan" character=" "/>
		<cell posX="1" posY="-8" backgroundColor="Cyan" foregroundColor="Cyan" character=" "/>

		<!--back window-->
		<cell posX="-3" posY="-2" backgroundColor="Cyan" foregroundColor="Cyan" character=" "/>
		<cell posX="-3" posY="-3" backgroundColor="Cyan" foregroundColor="Cyan" character=" "/>
		<cell posX="-2" posY="-2" backgroundColor="Cyan" foregroundColor="Cyan" character=" "/>
		<cell posX="-2" posY="-3" backgroundColor="Cyan" foregroundColor="Cyan" character=" "/>
		<cell posX="-1" posY="-2" backgroundColor="Cyan" foregroundColor="Cyan" character=" "/>
		<cell posX="-1" posY="-3" backgroundColor="Cyan" foregroundColor="Cyan" character=" "/>
		<cell posX="0" posY="-2" backgroundColor="Cyan" foregroundColor="Cyan" character=" "/>
		<cell posX="0" posY="-3" backgroundColor="Cyan" foregroundColor="Cyan" character=" "/>
		<cell posX="3" posY="-2" backgroundColor="Cyan" foregroundColor="Cyan" character=" "/>
		<cell posX="3" posY="-3" backgroundColor="Cyan" foregroundColor="Cyan" character=" "/>
		<cell posX="2" posY="-2" backgroundColor="Cyan" foregroundColor="Cyan" character=" "/>
		<cell posX="2" posY="-3" backgroundColor="Cyan" foregroundColor="Cyan" character=" "/>
		<cell posX="1" posY="-2" backgroundColor="Cyan" foregroundColor="Cyan" character=" "/>
		<cell posX="1" posY="-3" backgroundColor="Cyan" foregroundColor="Cyan" character=" "/>
		


	</frame>
</animation>