<animation time="1.0" loop="1">
	<frame>
		<cell posX="-1" posY="0" backgroundColor="Gray" foregroundColor="Black" character="|"/>
		<cell posX="0" posY="0" backgroundColor="Red" foregroundColor="Black" character="_"/>
		<cell posX="1" posY="0" backgroundColor="Gray" foregroundColor="Black" character="|"/>
		<cell posX="0" posY="1" backgroundColor="Gray" foregroundColor="Black" character="-"/>
		<cell posX="-1" posY="1" backgroundColor="Gray" foregroundColor="White" character="|"/>
		<cell posX="0" posY="1" backgroundColor="Gray" foregroundColor="White" character="/"/>
	</frame>
</animation>