<animation time="0.5" loop="1">
	<frame>
		<!--body-->
		<cell posX="-1" posY="0" backgroundColor="Gray" foregroundColor="Black" character="|"/>
		<cell posX="0" posY="0" backgroundColor="Red" foregroundColor="Black" character="_"/>
		<cell posX="1" posY="0" backgroundColor="Gray" foregroundColor="Black" character="_"/>
		<cell posX="2" posY="0" backgroundColor="Gray" foregroundColor="Black" character="|"/>

		<!--wheels-->
		<cell posX="-1" posY="-1" backgroundColor="Gray" foregroundColor="Black" character="o"/>
		<cell posX="2" posY="-1" backgroundColor="Gray" foregroundColor="Black" character="o"/>

		<!--handle-->
		<cell posX="-1" posY="-1" backgroundColor="Gray" foregroundColor="White" character="/"/>
		<cell posX="0" posY="-2" backgroundColor="Gray" foregroundColor="White" character="/"/>
		<cell posX="1" posY="-3" backgroundColor="Gray" foregroundColor="White" character="/"/>
		<cell posX="2" posY="-4" backgroundColor="Gray" foregroundColor="White" character="/"/>
		<cell posX="3" posY="-4" backgroundColor="Gray" foregroundColor="White" character="\"/>
	</frame>

	<frame>
		<!--body-->
		<cell posX="-1" posY="0" backgroundColor="Gray" foregroundColor="Black" character="|"/>
		<cell posX="0" posY="0" backgroundColor="Red" foregroundColor="Black" character="_"/>
		<cell posX="1" posY="0" backgroundColor="Gray" foregroundColor="Black" character="_"/>
		<cell posX="2" posY="0" backgroundColor="Gray" foregroundColor="Black" character="|"/>

		<!--wheels-->
		<cell posX="-1" posY="-1" backgroundColor="Gray" foregroundColor="Black" character="o"/>
		<cell posX="2" posY="-1" backgroundColor="Gray" foregroundColor="Black" character="o"/>

		<!--handle-->
		<cell posX="-1" posY="-1" backgroundColor="Gray" foregroundColor="White" character="-"/>
		<cell posX="0" posY="-1" backgroundColor="Gray" foregroundColor="White" character="-"/>
		<cell posX="1" posY="-1" backgroundColor="Gray" foregroundColor="White" character="-"/>
		<cell posX="2" posY="-1" backgroundColor="Gray" foregroundColor="White" character="-"/>
		<cell posX="3" posY="-1" backgroundColor="Gray" foregroundColor="White" character="|"/>
	</frame>
</animation>