<animation time="1.0" loop="1">
	<frame>

		<!--legs-->
		<cell posX="-1" posY="0" backgroundColor="Red" foregroundColor="White" character="|"/>
		<cell posX="1" posY="0" backgroundColor="Red" foregroundColor="White" character="|"/>
		<cell posX="0" posY="-1" backgroundColor="Red" foregroundColor="White" character="-"/>

		<!--torso-->
		<cell posX="0" posY="-2" backgroundColor="Red" foregroundColor="White" character="|"/>

		<!--arms-->
		<cell posX="1" posY="-2" backgroundColor="Red" foregroundColor="White" character="-"/>
		<cell posX="-1" posY="-2" backgroundColor="Red" foregroundColor="White" character="-"/>
		<cell posX="2" posY="-2" backgroundColor="Red" foregroundColor="White" character="\"/>
		<cell posX="-2" posY="-2" backgroundColor="Red" foregroundColor="White" character="/"/>

		<cell posX="0" posY="-3" backgroundColor="Red" foregroundColor="Black" character="O"/>

	</frame>
</animation>