<animation time="2.0" loop="1">
	<frame>
		<cell posX="0" posY="0" backgroundColor="Black" foregroundColor="DarkMagenta" character="["/>
	</frame>
	<frame>
		<cell posX="0" posY="0" backgroundColor="Black" foregroundColor="DarkRed" character="["/>
	</frame>
	<frame>
		<cell posX="0" posY="0" backgroundColor="Black" foregroundColor="Red" character="["/>
	</frame>
	<frame>
		<cell posX="0" posY="0" backgroundColor="Black" foregroundColor="DarkRed" character="["/>
	</frame>
</animation>
