<animation time="1.0" loop="1">
	<frame>
		<cell posX="0" posY="0" backgroundColor="Black" foregroundColor="White" character="_"/>
		<cell posX="1" posY="0" backgroundColor="Black" foregroundColor="White" character="/"/>
		<cell posX="1" posY="-1" backgroundColor="Black" foregroundColor="White" character="|"/>
		<cell posX="1" posY="-2" backgroundColor="Black" foregroundColor="White" character="\"/>
		<cell posX="0" posY="-2" backgroundColor="Black" foregroundColor="White" character="-"/>
		<cell posX="-1" posY="-2" backgroundColor="Black" foregroundColor="White" character="/"/>
		<cell posX="-1" posY="-1" backgroundColor="Black" foregroundColor="White" character="|"/>
		<cell posX="-1" posY="0" backgroundColor="Black" foregroundColor="White" character="\"/>
		<cell posX="0" posY="-1" backgroundColor="White" foregroundColor="Black" character="o"/>
	</frame>
</animation>