<animation time="10000.0" loop="0">
	<frame>
		<cell posX="0" posY="0" backgroundColor="Yellow" foregroundColor="Yellow" character=" "/>
		<cell posX="0" posY="1" backgroundColor="Yellow" foregroundColor="Yellow" character=" "/>
		
		<cell posX="0" posY="3" backgroundColor="Yellow" foregroundColor="Yellow" character=" "/>
		<cell posX="0" posY="4" backgroundColor="Yellow" foregroundColor="Yellow" character=" "/>
		
		<cell posX="0" posY="6" backgroundColor="Yellow" foregroundColor="Yellow" character=" "/>
		<cell posX="0" posY="7" backgroundColor="Yellow" foregroundColor="Yellow" character=" "/>

		<cell posX="0" posY="9" backgroundColor="Yellow" foregroundColor="Yellow" character=" "/>
		<cell posX="0" posY="10" backgroundColor="Yellow" foregroundColor="Yellow" character=" "/>

		<cell posX="0" posY="12" backgroundColor="Yellow" foregroundColor="Yellow" character=" "/>
		<cell posX="0" posY="13" backgroundColor="Yellow" foregroundColor="Yellow" character=" "/>

		<cell posX="0" posY="15" backgroundColor="Yellow" foregroundColor="Yellow" character=" "/>
		<cell posX="0" posY="16" backgroundColor="Yellow" foregroundColor="Yellow" character=" "/>

		<cell posX="0" posY="18" backgroundColor="Yellow" foregroundColor="Yellow" character=" "/>
		<cell posX="0" posY="19" backgroundColor="Yellow" foregroundColor="Yellow" character=" "/>

		<cell posX="0" posY="21" backgroundColor="Yellow" foregroundColor="Yellow" character=" "/>
		<cell posX="0" posY="22" backgroundColor="Yellow" foregroundColor="Yellow" character=" "/>

		<cell posX="0" posY="24" backgroundColor="Yellow" foregroundColor="Yellow" character=" "/>
		<cell posX="0" posY="25" backgroundColor="Yellow" foregroundColor="Yellow" character=" "/>
		
		<cell posX="0" posY="27" backgroundColor="Yellow" foregroundColor="Yellow" character=" "/>
		<cell posX="0" posY="28" backgroundColor="Yellow" foregroundColor="Yellow" character=" "/>

		<cell posX="0" posY="30" backgroundColor="Yellow" foregroundColor="Yellow" character=" "/>
		<cell posX="0" posY="31" backgroundColor="Yellow" foregroundColor="Yellow" character=" "/>

		<cell posX="0" posY="33" backgroundColor="Yellow" foregroundColor="Yellow" character=" "/>
		<cell posX="0" posY="34" backgroundColor="Yellow" foregroundColor="Yellow" character=" "/>

		<cell posX="0" posY="36" backgroundColor="Yellow" foregroundColor="Yellow" character=" "/>
		<cell posX="0" posY="37" backgroundColor="Yellow" foregroundColor="Yellow" character=" "/>

		<cell posX="0" posY="39" backgroundColor="Yellow" foregroundColor="Yellow" character=" "/>
		<cell posX="0" posY="40" backgroundColor="Yellow" foregroundColor="Yellow" character=" "/>

		<cell posX="0" posY="42" backgroundColor="Yellow" foregroundColor="Yellow" character=" "/>
		<cell posX="0" posY="43" backgroundColor="Yellow" foregroundColor="Yellow" character=" "/>

		<cell posX="0" posY="45" backgroundColor="Yellow" foregroundColor="Yellow" character=" "/>
		<cell posX="0" posY="46" backgroundColor="Yellow" foregroundColor="Yellow" character=" "/>

		<cell posX="0" posY="48" backgroundColor="Yellow" foregroundColor="Yellow" character=" "/>
		<cell posX="0" posY="49" backgroundColor="Yellow" foregroundColor="Yellow" character=" "/>

	</frame>
</animation>